"chromosome","tstart","tend","symbol","cn","nA","nB"
"chr12",52345528,52387891,"ACVR1B",4,2,2
"chr2",148602722,148684840,"ACVR2A",5,2,3
"chr5",112090588,112179820,"APC",4,2,2
"chr11",108098352,108236232,"ATM",4,2,2
"chr7",140434409,140624503,"BRAF",4,2,2
"chr2",202122955,202151314,"CASP8",4,3,1
"chr17",45198304,45259006,"CDC27",4,2,2
"chr16",68771319,68867399,"CDH1",4,2,2
"chr3",41266016,41280830,"CTNNB1",4,2,2
"chr23",31152217,33038315,"DMD",3,3,0
"chr5",13692096,13944547,"DNAH5",4,2,2
"chr13",78472338,78493750,"EDNRB",4,2,2
"chr7",55086971,55273307,"EGFR",4,2,2
"chr12",56474085,56495836,"ERBB3",4,2,2
"chr20",57415162,57415896,"GNAS",4,2,2
"chr2",48010373,48033996,"MSH6",5,2,3
"chr23",117861602,117925814,"IL13RA1",3,3,0
"chr12",25368378,25398318,"KRAS",4,2,2
"chr18",45368201,45423127,"SMAD2",4,2,2
"chr18",48573417,48604834,"SMAD4",4,2,2
"chr2",192112684,192288683,"MYO1B",4,3,1
"chr5",79950547,80171678,"MSH3",4,2,2
"chr1",115251159,115258781,"NRAS",4,2,2
"chr3",178916614,178952149,"PIK3CA",4,2,2
"chr7",77166864,77268594,"PTPN12",4,2,2
"chr17",70117533,70120525,"SOX9",4,2,2
"chr10",114710516,114925728,"TCF7L2",4,2,2
"chr3",30648376,30733088,"TGFBR2",4,2,2
"chr17",7572930,7579912,"TP53",4,2,2
"chr8",116426254,116632285,"TRPS1",5,2,3
"chr19",22153996,22157610,"ZNF208",4,2,2
"chr8",28360531,28420525,"FZD3",4,2,2
"chr6",136666995,136847102,"MAP7",5,3,2
"chr2",50149085,51255411,"NRXN1",5,2,3
"chr13",93879710,95055468,"GPC6",4,2,2
"chr11",10597882,10715149,"MRVI1",4,2,2
"chr5",145826913,145890202,"TCERG1",4,2,2
"chr2",140990758,142888298,"LRP1B",5,2,3
"chr17",56432307,56492938,"RNF43",4,2,2
"chr4",153244036,153332955,"FBXW7",3,2,1
"chr8",2796110,4851938,"CSMD1",4,2,2
"chr1",233463775,233518454,"KIAA1804",4,2,2
"chr17",51900395,51902413,"KIF2B",4,2,2
"chr12",55614809,55615756,"OR10A7",4,2,2
"chr4",5564578,5710240,"EVC2",4,2,2
"chr23",63409762,63413166,"AMER1",3,3,0
"chr5",56218958,56242902,"MIER3",4,2,2
"chr1",190067151,190424020,"BRINP3",4,4,0
"chr4",68777063,68812291,"TMPRSS11A",4,2,2
"chr1",248058889,248059830,"OR2W3",4,2,2
